<application>
  <component name="AndroidLogcatFilterHistory">
    <option name="mostRecentlyUsed" value="package:mine level:error 赛事" />
    <option name="nonFavorites">
      <list>
        <option value="package:mine level:error 赛事" />
        <option value="package:mine level:error " />
        <option value="package:mine level:error  没有" />
        <option value="package:mine level:error 计算结果" />
        <option value="package:mine level:debug " />
        <option value="package:mine level:error 打开的FragmentName" />
        <option value="package:mine level:error" />
        <option value="package:mine level:error 异常" />
        <option value="package:mine level:info res" />
        <option value="package:mine level:info 异常请求地址" />
        <option value="package:mine level:info " />
        <option value="package:mine level:error  开奖" />
        <option value="package:mine level:error  sock" />
        <option value="package:mine level:debug 字数" />
        <option value="package:mine level:debug 解密后Str" />
        <option value="package:mine level:debug SM4解密" />
        <option value="package:mine level:error  " />
        <option value="package:mine level:debug 的文字" />
        <option value="package:mine level:debug 最后输入的文字" />
        <option value="package:mine level:debug 加密" />
      </list>
    </option>
  </component>
</application>