<application>
  <component name="FileTypeManager" version="19">
    <extensionMap>
      <mapping pattern="打包正式版.txt" type="AUTO_DETECTED" />
      <mapping pattern="需要修改lib说明" type="AUTO_DETECTED" />
      <mapping pattern="pinyin_pro1" type="AUTO_DETECTED" />
      <mapping pattern="调试相关" type="AUTO_DETECTED" />
      <mapping ext="gradle.kts" type="Kotlin" />
      <mapping ext="main.kts" type="Kotlin" />
      <mapping ext="bat" type="Native" />
      <mapping pattern="pinyin_pro1.txt" type="PLAIN_TEXT" />
      <removed_mapping ext="apk" approved="true" type="ARCHIVE" />
      <removed_mapping ext="bat" approved="true" type="Bat" />
      <removed_mapping ext="psd" approved="true" type="Image" />
    </extensionMap>
  </component>
</application>