<application>
  <component name="FindSettings">
    <option name="customScope" value="Project Files" />
    <option name="defaultScopeName" value="Project Files" />
    <option name="localRegularExpressions" value="true" />
    <option name="LOCAL_REGULAR_EXPRESSIONS" value="true" />
    <option name="SEARCH_SCOPE" value="Project Files" />
    <mask>*t.java</mask>
    <mask>*ext.kt</mask>
    <mask>*l.kt</mask>
    <mask>*g.kt</mask>
    <mask>*fragment*.xml</mask>
    <mask>*socket*</mask>
    <mask>*del.kt</mask>
    <mask>*w.kt</mask>
    <mask>*ings.xml</mask>
    <mask>*vity.kt</mask>
    <mask>*item.kt</mask>
    <mask>*bean.kt</mask>
    <mask>*ser.kt</mask>
    <mask>*or.kt</mask>
    <mask>*it.kt</mask>
    <mask>*hot_h*.xml</mask>
    <mask>build*.gradle</mask>
    <mask>*ry.kt</mask>
    <mask>*.proto</mask>
    <mask>*utils.java</mask>
    <mask>*tory.kt</mask>
    <mask>*load*.xml</mask>
    <mask>*t.kt</mask>
    <mask>*.pro</mask>
    <mask>*.java</mask>
    <mask>*.gradle</mask>
    <mask>*utils.kt</mask>
    <mask>*.txt</mask>
    <mask>*.xml</mask>
    <mask>*.kt</mask>
  </component>
</application>