<application>
  <component name="UpdatesConfigurable">
    <ignoredBuildNumbers>
      <item value="222.4459.24.2221.9971841" />
      <item value="emulator#32.1.12" />
      <item value="platform-tools#34.0.1" />
      <item value="222.4459.24.2221.10121639" />
      <item value="emulator#32.1.13" />
      <item value="platform-tools#34.0.3" />
      <item value="emulator#32.1.14" />
      <item value="platform-tools#34.0.4" />
    </ignoredBuildNumbers>
    <option name="LAST_BUILD_CHECKED" value="AI-241.14494.158.2411.11648550" />
    <option name="LAST_TIME_CHECKED" value="1718679633349" />
    <option name="OBSOLETE_CUSTOM_REPOSITORIES_CLEAN_NEEDED" value="false" />
    <option name="THIRD_PARTY_PLUGINS_ALLOWED" value="true" />
    <option name="UPDATE_CHANNEL_TYPE" value="eap" />
  </component>
</application>