<keymap version="1" name="Windows copy" parent="$default">
  <action id="ContextHelp">
    <keyboard-shortcut first-keystroke="alt f1" />
  </action>
  <action id="CopyElement" />
  <action id="EditSource">
    <keyboard-shortcut first-keystroke="f4" />
    <keyboard-shortcut first-keystroke="f5" />
  </action>
  <action id="ProjectViewChangeView" />
  <action id="SelectIn" />
  <action id="UpdateRunningApplication" />
  <action id="android.deploy.ApplyChanges">
    <keyboard-shortcut first-keystroke="ctrl f10" />
  </action>
  <action id="android.deploy.CodeSwap">
    <keyboard-shortcut first-keystroke="ctrl alt f10" />
  </action>
</keymap>